"","fips","familyCode","ageAdjustment","marriedUnder6","marriedOver6","marriedBoth","unmarriedUnder6","unmarriedOver6","unmarriedBoth"
"1",41,"a1i2p0s0t0",0.25,0.233,0.551,0.216,0.767,0.449,0.784
"2",41,"a1i1p1s0t0",0.5,0.233,0.551,0.216,0.767,0.449,0.784
"3",41,"a1i1p0s1t0",0.2692,0.233,0.551,0.216,0.767,0.449,0.784
"4",41,"a1i1p0s0t1",0.2308,0.233,0.551,0.216,0.767,0.449,0.784
"5",41,"a1i0p2s0t0",0.25,0.233,0.551,0.216,0.767,0.449,0.784
"6",41,"a1i0p1s1t0",0.2692,0.233,0.551,0.216,0.767,0.449,0.784
"7",41,"a1i0p1s0t1",0.2308,0.233,0.551,0.216,0.767,0.449,0.784
"8",41,"a1i0p0s2t0",0.2899,0.233,0.551,0.216,0.767,0.449,0.784
"9",41,"a1i0p0s1t1",0.497,0.233,0.551,0.216,0.767,0.449,0.784
"10",41,"a1i0p0s0t2",0.213,0.233,0.551,0.216,0.767,0.449,0.784
"11",41,"a2i2p0s0t0",0.25,0.233,0.551,0.216,0.767,0.449,0.784
"12",41,"a2i1p1s0t0",0.5,0.233,0.551,0.216,0.767,0.449,0.784
"13",41,"a2i1p0s1t0",0.2692,0.233,0.551,0.216,0.767,0.449,0.784
"14",41,"a2i1p0s0t1",0.2308,0.233,0.551,0.216,0.767,0.449,0.784
"15",41,"a2i0p2s0t0",0.25,0.233,0.551,0.216,0.767,0.449,0.784
"16",41,"a2i0p1s1t0",0.2692,0.233,0.551,0.216,0.767,0.449,0.784
"17",41,"a2i0p1s0t1",0.2308,0.233,0.551,0.216,0.767,0.449,0.784
"18",41,"a2i0p0s2t0",0.2899,0.233,0.551,0.216,0.767,0.449,0.784
"19",41,"a2i0p0s1t1",0.497,0.233,0.551,0.216,0.767,0.449,0.784
"20",41,"a2i0p0s0t2",0.213,0.233,0.551,0.216,0.767,0.449,0.784
"21",41001,"a1i2p0s0t0",0.25,0.237,0.568,0.194,0.763,0.432,0.806
"22",41001,"a1i1p1s0t0",0.5,0.237,0.568,0.194,0.763,0.432,0.806
"23",41001,"a1i1p0s1t0",0.2692,0.237,0.568,0.194,0.763,0.432,0.806
"24",41001,"a1i1p0s0t1",0.2308,0.237,0.568,0.194,0.763,0.432,0.806
"25",41001,"a1i0p2s0t0",0.25,0.237,0.568,0.194,0.763,0.432,0.806
"26",41001,"a1i0p1s1t0",0.2692,0.237,0.568,0.194,0.763,0.432,0.806
"27",41001,"a1i0p1s0t1",0.2308,0.237,0.568,0.194,0.763,0.432,0.806
"28",41001,"a1i0p0s2t0",0.2899,0.237,0.568,0.194,0.763,0.432,0.806
"29",41001,"a1i0p0s1t1",0.497,0.237,0.568,0.194,0.763,0.432,0.806
"30",41001,"a1i0p0s0t2",0.213,0.237,0.568,0.194,0.763,0.432,0.806
"31",41001,"a2i2p0s0t0",0.25,0.237,0.568,0.194,0.763,0.432,0.806
"32",41001,"a2i1p1s0t0",0.5,0.237,0.568,0.194,0.763,0.432,0.806
"33",41001,"a2i1p0s1t0",0.2692,0.237,0.568,0.194,0.763,0.432,0.806
"34",41001,"a2i1p0s0t1",0.2308,0.237,0.568,0.194,0.763,0.432,0.806
"35",41001,"a2i0p2s0t0",0.25,0.237,0.568,0.194,0.763,0.432,0.806
"36",41001,"a2i0p1s1t0",0.2692,0.237,0.568,0.194,0.763,0.432,0.806
"37",41001,"a2i0p1s0t1",0.2308,0.237,0.568,0.194,0.763,0.432,0.806
"38",41001,"a2i0p0s2t0",0.2899,0.237,0.568,0.194,0.763,0.432,0.806
"39",41001,"a2i0p0s1t1",0.497,0.237,0.568,0.194,0.763,0.432,0.806
"40",41001,"a2i0p0s0t2",0.213,0.237,0.568,0.194,0.763,0.432,0.806
"41",41003,"a1i2p0s0t0",0.25,0.231,0.538,0.231,0.769,0.462,0.769
"42",41003,"a1i1p1s0t0",0.5,0.231,0.538,0.231,0.769,0.462,0.769
"43",41003,"a1i1p0s1t0",0.2692,0.231,0.538,0.231,0.769,0.462,0.769
"44",41003,"a1i1p0s0t1",0.2308,0.231,0.538,0.231,0.769,0.462,0.769
"45",41003,"a1i0p2s0t0",0.25,0.231,0.538,0.231,0.769,0.462,0.769
"46",41003,"a1i0p1s1t0",0.2692,0.231,0.538,0.231,0.769,0.462,0.769
"47",41003,"a1i0p1s0t1",0.2308,0.231,0.538,0.231,0.769,0.462,0.769
"48",41003,"a1i0p0s2t0",0.2899,0.231,0.538,0.231,0.769,0.462,0.769
"49",41003,"a1i0p0s1t1",0.497,0.231,0.538,0.231,0.769,0.462,0.769
"50",41003,"a1i0p0s0t2",0.213,0.231,0.538,0.231,0.769,0.462,0.769
"51",41003,"a2i2p0s0t0",0.25,0.231,0.538,0.231,0.769,0.462,0.769
"52",41003,"a2i1p1s0t0",0.5,0.231,0.538,0.231,0.769,0.462,0.769
"53",41003,"a2i1p0s1t0",0.2692,0.231,0.538,0.231,0.769,0.462,0.769
"54",41003,"a2i1p0s0t1",0.2308,0.231,0.538,0.231,0.769,0.462,0.769
"55",41003,"a2i0p2s0t0",0.25,0.231,0.538,0.231,0.769,0.462,0.769
"56",41003,"a2i0p1s1t0",0.2692,0.231,0.538,0.231,0.769,0.462,0.769
"57",41003,"a2i0p1s0t1",0.2308,0.231,0.538,0.231,0.769,0.462,0.769
"58",41003,"a2i0p0s2t0",0.2899,0.231,0.538,0.231,0.769,0.462,0.769
"59",41003,"a2i0p0s1t1",0.497,0.231,0.538,0.231,0.769,0.462,0.769
"60",41003,"a2i0p0s0t2",0.213,0.231,0.538,0.231,0.769,0.462,0.769
"61",41005,"a1i2p0s0t0",0.25,0.2,0.597,0.203,0.8,0.403,0.797
"62",41005,"a1i1p1s0t0",0.5,0.2,0.597,0.203,0.8,0.403,0.797
"63",41005,"a1i1p0s1t0",0.2692,0.2,0.597,0.203,0.8,0.403,0.797
"64",41005,"a1i1p0s0t1",0.2308,0.2,0.597,0.203,0.8,0.403,0.797
"65",41005,"a1i0p2s0t0",0.25,0.2,0.597,0.203,0.8,0.403,0.797
"66",41005,"a1i0p1s1t0",0.2692,0.2,0.597,0.203,0.8,0.403,0.797
"67",41005,"a1i0p1s0t1",0.2308,0.2,0.597,0.203,0.8,0.403,0.797
"68",41005,"a1i0p0s2t0",0.2899,0.2,0.597,0.203,0.8,0.403,0.797
"69",41005,"a1i0p0s1t1",0.497,0.2,0.597,0.203,0.8,0.403,0.797
"70",41005,"a1i0p0s0t2",0.213,0.2,0.597,0.203,0.8,0.403,0.797
"71",41005,"a2i2p0s0t0",0.25,0.2,0.597,0.203,0.8,0.403,0.797
"72",41005,"a2i1p1s0t0",0.5,0.2,0.597,0.203,0.8,0.403,0.797
"73",41005,"a2i1p0s1t0",0.2692,0.2,0.597,0.203,0.8,0.403,0.797
"74",41005,"a2i1p0s0t1",0.2308,0.2,0.597,0.203,0.8,0.403,0.797
"75",41005,"a2i0p2s0t0",0.25,0.2,0.597,0.203,0.8,0.403,0.797
"76",41005,"a2i0p1s1t0",0.2692,0.2,0.597,0.203,0.8,0.403,0.797
"77",41005,"a2i0p1s0t1",0.2308,0.2,0.597,0.203,0.8,0.403,0.797
"78",41005,"a2i0p0s2t0",0.2899,0.2,0.597,0.203,0.8,0.403,0.797
"79",41005,"a2i0p0s1t1",0.497,0.2,0.597,0.203,0.8,0.403,0.797
"80",41005,"a2i0p0s0t2",0.213,0.2,0.597,0.203,0.8,0.403,0.797
"81",41007,"a1i2p0s0t0",0.25,0.253,0.574,0.173,0.747,0.426,0.827
"82",41007,"a1i1p1s0t0",0.5,0.253,0.574,0.173,0.747,0.426,0.827
"83",41007,"a1i1p0s1t0",0.2692,0.253,0.574,0.173,0.747,0.426,0.827
"84",41007,"a1i1p0s0t1",0.2308,0.253,0.574,0.173,0.747,0.426,0.827
"85",41007,"a1i0p2s0t0",0.25,0.253,0.574,0.173,0.747,0.426,0.827
"86",41007,"a1i0p1s1t0",0.2692,0.253,0.574,0.173,0.747,0.426,0.827
"87",41007,"a1i0p1s0t1",0.2308,0.253,0.574,0.173,0.747,0.426,0.827
"88",41007,"a1i0p0s2t0",0.2899,0.253,0.574,0.173,0.747,0.426,0.827
"89",41007,"a1i0p0s1t1",0.497,0.253,0.574,0.173,0.747,0.426,0.827
"90",41007,"a1i0p0s0t2",0.213,0.253,0.574,0.173,0.747,0.426,0.827
"91",41007,"a2i2p0s0t0",0.25,0.253,0.574,0.173,0.747,0.426,0.827
"92",41007,"a2i1p1s0t0",0.5,0.253,0.574,0.173,0.747,0.426,0.827
"93",41007,"a2i1p0s1t0",0.2692,0.253,0.574,0.173,0.747,0.426,0.827
"94",41007,"a2i1p0s0t1",0.2308,0.253,0.574,0.173,0.747,0.426,0.827
"95",41007,"a2i0p2s0t0",0.25,0.253,0.574,0.173,0.747,0.426,0.827
"96",41007,"a2i0p1s1t0",0.2692,0.253,0.574,0.173,0.747,0.426,0.827
"97",41007,"a2i0p1s0t1",0.2308,0.253,0.574,0.173,0.747,0.426,0.827
"98",41007,"a2i0p0s2t0",0.2899,0.253,0.574,0.173,0.747,0.426,0.827
"99",41007,"a2i0p0s1t1",0.497,0.253,0.574,0.173,0.747,0.426,0.827
"100",41007,"a2i0p0s0t2",0.213,0.253,0.574,0.173,0.747,0.426,0.827
"101",41009,"a1i2p0s0t0",0.25,0.191,0.611,0.198,0.809,0.389,0.802
"102",41009,"a1i1p1s0t0",0.5,0.191,0.611,0.198,0.809,0.389,0.802
"103",41009,"a1i1p0s1t0",0.2692,0.191,0.611,0.198,0.809,0.389,0.802
"104",41009,"a1i1p0s0t1",0.2308,0.191,0.611,0.198,0.809,0.389,0.802
"105",41009,"a1i0p2s0t0",0.25,0.191,0.611,0.198,0.809,0.389,0.802
"106",41009,"a1i0p1s1t0",0.2692,0.191,0.611,0.198,0.809,0.389,0.802
"107",41009,"a1i0p1s0t1",0.2308,0.191,0.611,0.198,0.809,0.389,0.802
"108",41009,"a1i0p0s2t0",0.2899,0.191,0.611,0.198,0.809,0.389,0.802
"109",41009,"a1i0p0s1t1",0.497,0.191,0.611,0.198,0.809,0.389,0.802
"110",41009,"a1i0p0s0t2",0.213,0.191,0.611,0.198,0.809,0.389,0.802
"111",41009,"a2i2p0s0t0",0.25,0.191,0.611,0.198,0.809,0.389,0.802
"112",41009,"a2i1p1s0t0",0.5,0.191,0.611,0.198,0.809,0.389,0.802
"113",41009,"a2i1p0s1t0",0.2692,0.191,0.611,0.198,0.809,0.389,0.802
"114",41009,"a2i1p0s0t1",0.2308,0.191,0.611,0.198,0.809,0.389,0.802
"115",41009,"a2i0p2s0t0",0.25,0.191,0.611,0.198,0.809,0.389,0.802
"116",41009,"a2i0p1s1t0",0.2692,0.191,0.611,0.198,0.809,0.389,0.802
"117",41009,"a2i0p1s0t1",0.2308,0.191,0.611,0.198,0.809,0.389,0.802
"118",41009,"a2i0p0s2t0",0.2899,0.191,0.611,0.198,0.809,0.389,0.802
"119",41009,"a2i0p0s1t1",0.497,0.191,0.611,0.198,0.809,0.389,0.802
"120",41009,"a2i0p0s0t2",0.213,0.191,0.611,0.198,0.809,0.389,0.802
"121",41011,"a1i2p0s0t0",0.25,0.209,0.617,0.174,0.791,0.383,0.826
"122",41011,"a1i1p1s0t0",0.5,0.209,0.617,0.174,0.791,0.383,0.826
"123",41011,"a1i1p0s1t0",0.2692,0.209,0.617,0.174,0.791,0.383,0.826
"124",41011,"a1i1p0s0t1",0.2308,0.209,0.617,0.174,0.791,0.383,0.826
"125",41011,"a1i0p2s0t0",0.25,0.209,0.617,0.174,0.791,0.383,0.826
"126",41011,"a1i0p1s1t0",0.2692,0.209,0.617,0.174,0.791,0.383,0.826
"127",41011,"a1i0p1s0t1",0.2308,0.209,0.617,0.174,0.791,0.383,0.826
"128",41011,"a1i0p0s2t0",0.2899,0.209,0.617,0.174,0.791,0.383,0.826
"129",41011,"a1i0p0s1t1",0.497,0.209,0.617,0.174,0.791,0.383,0.826
"130",41011,"a1i0p0s0t2",0.213,0.209,0.617,0.174,0.791,0.383,0.826
"131",41011,"a2i2p0s0t0",0.25,0.209,0.617,0.174,0.791,0.383,0.826
"132",41011,"a2i1p1s0t0",0.5,0.209,0.617,0.174,0.791,0.383,0.826
"133",41011,"a2i1p0s1t0",0.2692,0.209,0.617,0.174,0.791,0.383,0.826
"134",41011,"a2i1p0s0t1",0.2308,0.209,0.617,0.174,0.791,0.383,0.826
"135",41011,"a2i0p2s0t0",0.25,0.209,0.617,0.174,0.791,0.383,0.826
"136",41011,"a2i0p1s1t0",0.2692,0.209,0.617,0.174,0.791,0.383,0.826
"137",41011,"a2i0p1s0t1",0.2308,0.209,0.617,0.174,0.791,0.383,0.826
"138",41011,"a2i0p0s2t0",0.2899,0.209,0.617,0.174,0.791,0.383,0.826
"139",41011,"a2i0p0s1t1",0.497,0.209,0.617,0.174,0.791,0.383,0.826
"140",41011,"a2i0p0s0t2",0.213,0.209,0.617,0.174,0.791,0.383,0.826
"141",41013,"a1i2p0s0t0",0.25,0.161,0.587,0.253,0.839,0.413,0.747
"142",41013,"a1i1p1s0t0",0.5,0.161,0.587,0.253,0.839,0.413,0.747
"143",41013,"a1i1p0s1t0",0.2692,0.161,0.587,0.253,0.839,0.413,0.747
"144",41013,"a1i1p0s0t1",0.2308,0.161,0.587,0.253,0.839,0.413,0.747
"145",41013,"a1i0p2s0t0",0.25,0.161,0.587,0.253,0.839,0.413,0.747
"146",41013,"a1i0p1s1t0",0.2692,0.161,0.587,0.253,0.839,0.413,0.747
"147",41013,"a1i0p1s0t1",0.2308,0.161,0.587,0.253,0.839,0.413,0.747
"148",41013,"a1i0p0s2t0",0.2899,0.161,0.587,0.253,0.839,0.413,0.747
"149",41013,"a1i0p0s1t1",0.497,0.161,0.587,0.253,0.839,0.413,0.747
"150",41013,"a1i0p0s0t2",0.213,0.161,0.587,0.253,0.839,0.413,0.747
"151",41013,"a2i2p0s0t0",0.25,0.161,0.587,0.253,0.839,0.413,0.747
"152",41013,"a2i1p1s0t0",0.5,0.161,0.587,0.253,0.839,0.413,0.747
"153",41013,"a2i1p0s1t0",0.2692,0.161,0.587,0.253,0.839,0.413,0.747
"154",41013,"a2i1p0s0t1",0.2308,0.161,0.587,0.253,0.839,0.413,0.747
"155",41013,"a2i0p2s0t0",0.25,0.161,0.587,0.253,0.839,0.413,0.747
"156",41013,"a2i0p1s1t0",0.2692,0.161,0.587,0.253,0.839,0.413,0.747
"157",41013,"a2i0p1s0t1",0.2308,0.161,0.587,0.253,0.839,0.413,0.747
"158",41013,"a2i0p0s2t0",0.2899,0.161,0.587,0.253,0.839,0.413,0.747
"159",41013,"a2i0p0s1t1",0.497,0.161,0.587,0.253,0.839,0.413,0.747
"160",41013,"a2i0p0s0t2",0.213,0.161,0.587,0.253,0.839,0.413,0.747
"161",41015,"a1i2p0s0t0",0.25,0.267,0.537,0.196,0.733,0.463,0.804
"162",41015,"a1i1p1s0t0",0.5,0.267,0.537,0.196,0.733,0.463,0.804
"163",41015,"a1i1p0s1t0",0.2692,0.267,0.537,0.196,0.733,0.463,0.804
"164",41015,"a1i1p0s0t1",0.2308,0.267,0.537,0.196,0.733,0.463,0.804
"165",41015,"a1i0p2s0t0",0.25,0.267,0.537,0.196,0.733,0.463,0.804
"166",41015,"a1i0p1s1t0",0.2692,0.267,0.537,0.196,0.733,0.463,0.804
"167",41015,"a1i0p1s0t1",0.2308,0.267,0.537,0.196,0.733,0.463,0.804
"168",41015,"a1i0p0s2t0",0.2899,0.267,0.537,0.196,0.733,0.463,0.804
"169",41015,"a1i0p0s1t1",0.497,0.267,0.537,0.196,0.733,0.463,0.804
"170",41015,"a1i0p0s0t2",0.213,0.267,0.537,0.196,0.733,0.463,0.804
"171",41015,"a2i2p0s0t0",0.25,0.267,0.537,0.196,0.733,0.463,0.804
"172",41015,"a2i1p1s0t0",0.5,0.267,0.537,0.196,0.733,0.463,0.804
"173",41015,"a2i1p0s1t0",0.2692,0.267,0.537,0.196,0.733,0.463,0.804
"174",41015,"a2i1p0s0t1",0.2308,0.267,0.537,0.196,0.733,0.463,0.804
"175",41015,"a2i0p2s0t0",0.25,0.267,0.537,0.196,0.733,0.463,0.804
"176",41015,"a2i0p1s1t0",0.2692,0.267,0.537,0.196,0.733,0.463,0.804
"177",41015,"a2i0p1s0t1",0.2308,0.267,0.537,0.196,0.733,0.463,0.804
"178",41015,"a2i0p0s2t0",0.2899,0.267,0.537,0.196,0.733,0.463,0.804
"179",41015,"a2i0p0s1t1",0.497,0.267,0.537,0.196,0.733,0.463,0.804
"180",41015,"a2i0p0s0t2",0.213,0.267,0.537,0.196,0.733,0.463,0.804
"181",41017,"a1i2p0s0t0",0.25,0.207,0.574,0.219,0.793,0.426,0.781
"182",41017,"a1i1p1s0t0",0.5,0.207,0.574,0.219,0.793,0.426,0.781
"183",41017,"a1i1p0s1t0",0.2692,0.207,0.574,0.219,0.793,0.426,0.781
"184",41017,"a1i1p0s0t1",0.2308,0.207,0.574,0.219,0.793,0.426,0.781
"185",41017,"a1i0p2s0t0",0.25,0.207,0.574,0.219,0.793,0.426,0.781
"186",41017,"a1i0p1s1t0",0.2692,0.207,0.574,0.219,0.793,0.426,0.781
"187",41017,"a1i0p1s0t1",0.2308,0.207,0.574,0.219,0.793,0.426,0.781
"188",41017,"a1i0p0s2t0",0.2899,0.207,0.574,0.219,0.793,0.426,0.781
"189",41017,"a1i0p0s1t1",0.497,0.207,0.574,0.219,0.793,0.426,0.781
"190",41017,"a1i0p0s0t2",0.213,0.207,0.574,0.219,0.793,0.426,0.781
"191",41017,"a2i2p0s0t0",0.25,0.207,0.574,0.219,0.793,0.426,0.781
"192",41017,"a2i1p1s0t0",0.5,0.207,0.574,0.219,0.793,0.426,0.781
"193",41017,"a2i1p0s1t0",0.2692,0.207,0.574,0.219,0.793,0.426,0.781
"194",41017,"a2i1p0s0t1",0.2308,0.207,0.574,0.219,0.793,0.426,0.781
"195",41017,"a2i0p2s0t0",0.25,0.207,0.574,0.219,0.793,0.426,0.781
"196",41017,"a2i0p1s1t0",0.2692,0.207,0.574,0.219,0.793,0.426,0.781
"197",41017,"a2i0p1s0t1",0.2308,0.207,0.574,0.219,0.793,0.426,0.781
"198",41017,"a2i0p0s2t0",0.2899,0.207,0.574,0.219,0.793,0.426,0.781
"199",41017,"a2i0p0s1t1",0.497,0.207,0.574,0.219,0.793,0.426,0.781
"200",41017,"a2i0p0s0t2",0.213,0.207,0.574,0.219,0.793,0.426,0.781
"201",41019,"a1i2p0s0t0",0.25,0.17,0.613,0.217,0.83,0.387,0.783
"202",41019,"a1i1p1s0t0",0.5,0.17,0.613,0.217,0.83,0.387,0.783
"203",41019,"a1i1p0s1t0",0.2692,0.17,0.613,0.217,0.83,0.387,0.783
"204",41019,"a1i1p0s0t1",0.2308,0.17,0.613,0.217,0.83,0.387,0.783
"205",41019,"a1i0p2s0t0",0.25,0.17,0.613,0.217,0.83,0.387,0.783
"206",41019,"a1i0p1s1t0",0.2692,0.17,0.613,0.217,0.83,0.387,0.783
"207",41019,"a1i0p1s0t1",0.2308,0.17,0.613,0.217,0.83,0.387,0.783
"208",41019,"a1i0p0s2t0",0.2899,0.17,0.613,0.217,0.83,0.387,0.783
"209",41019,"a1i0p0s1t1",0.497,0.17,0.613,0.217,0.83,0.387,0.783
"210",41019,"a1i0p0s0t2",0.213,0.17,0.613,0.217,0.83,0.387,0.783
"211",41019,"a2i2p0s0t0",0.25,0.17,0.613,0.217,0.83,0.387,0.783
"212",41019,"a2i1p1s0t0",0.5,0.17,0.613,0.217,0.83,0.387,0.783
"213",41019,"a2i1p0s1t0",0.2692,0.17,0.613,0.217,0.83,0.387,0.783
"214",41019,"a2i1p0s0t1",0.2308,0.17,0.613,0.217,0.83,0.387,0.783
"215",41019,"a2i0p2s0t0",0.25,0.17,0.613,0.217,0.83,0.387,0.783
"216",41019,"a2i0p1s1t0",0.2692,0.17,0.613,0.217,0.83,0.387,0.783
"217",41019,"a2i0p1s0t1",0.2308,0.17,0.613,0.217,0.83,0.387,0.783
"218",41019,"a2i0p0s2t0",0.2899,0.17,0.613,0.217,0.83,0.387,0.783
"219",41019,"a2i0p0s1t1",0.497,0.17,0.613,0.217,0.83,0.387,0.783
"220",41019,"a2i0p0s0t2",0.213,0.17,0.613,0.217,0.83,0.387,0.783
"221",41021,"a1i2p0s0t0",0.25,0.15,0.758,0.092,0.85,0.242,0.908
"222",41021,"a1i1p1s0t0",0.5,0.15,0.758,0.092,0.85,0.242,0.908
"223",41021,"a1i1p0s1t0",0.2692,0.15,0.758,0.092,0.85,0.242,0.908
"224",41021,"a1i1p0s0t1",0.2308,0.15,0.758,0.092,0.85,0.242,0.908
"225",41021,"a1i0p2s0t0",0.25,0.15,0.758,0.092,0.85,0.242,0.908
"226",41021,"a1i0p1s1t0",0.2692,0.15,0.758,0.092,0.85,0.242,0.908
"227",41021,"a1i0p1s0t1",0.2308,0.15,0.758,0.092,0.85,0.242,0.908
"228",41021,"a1i0p0s2t0",0.2899,0.15,0.758,0.092,0.85,0.242,0.908
"229",41021,"a1i0p0s1t1",0.497,0.15,0.758,0.092,0.85,0.242,0.908
"230",41021,"a1i0p0s0t2",0.213,0.15,0.758,0.092,0.85,0.242,0.908
"231",41021,"a2i2p0s0t0",0.25,0.15,0.758,0.092,0.85,0.242,0.908
"232",41021,"a2i1p1s0t0",0.5,0.15,0.758,0.092,0.85,0.242,0.908
"233",41021,"a2i1p0s1t0",0.2692,0.15,0.758,0.092,0.85,0.242,0.908
"234",41021,"a2i1p0s0t1",0.2308,0.15,0.758,0.092,0.85,0.242,0.908
"235",41021,"a2i0p2s0t0",0.25,0.15,0.758,0.092,0.85,0.242,0.908
"236",41021,"a2i0p1s1t0",0.2692,0.15,0.758,0.092,0.85,0.242,0.908
"237",41021,"a2i0p1s0t1",0.2308,0.15,0.758,0.092,0.85,0.242,0.908
"238",41021,"a2i0p0s2t0",0.2899,0.15,0.758,0.092,0.85,0.242,0.908
"239",41021,"a2i0p0s1t1",0.497,0.15,0.758,0.092,0.85,0.242,0.908
"240",41021,"a2i0p0s0t2",0.213,0.15,0.758,0.092,0.85,0.242,0.908
"241",41023,"a1i2p0s0t0",0.25,0.15,0.624,0.226,0.85,0.376,0.774
"242",41023,"a1i1p1s0t0",0.5,0.15,0.624,0.226,0.85,0.376,0.774
"243",41023,"a1i1p0s1t0",0.2692,0.15,0.624,0.226,0.85,0.376,0.774
"244",41023,"a1i1p0s0t1",0.2308,0.15,0.624,0.226,0.85,0.376,0.774
"245",41023,"a1i0p2s0t0",0.25,0.15,0.624,0.226,0.85,0.376,0.774
"246",41023,"a1i0p1s1t0",0.2692,0.15,0.624,0.226,0.85,0.376,0.774
"247",41023,"a1i0p1s0t1",0.2308,0.15,0.624,0.226,0.85,0.376,0.774
"248",41023,"a1i0p0s2t0",0.2899,0.15,0.624,0.226,0.85,0.376,0.774
"249",41023,"a1i0p0s1t1",0.497,0.15,0.624,0.226,0.85,0.376,0.774
"250",41023,"a1i0p0s0t2",0.213,0.15,0.624,0.226,0.85,0.376,0.774
"251",41023,"a2i2p0s0t0",0.25,0.15,0.624,0.226,0.85,0.376,0.774
"252",41023,"a2i1p1s0t0",0.5,0.15,0.624,0.226,0.85,0.376,0.774
"253",41023,"a2i1p0s1t0",0.2692,0.15,0.624,0.226,0.85,0.376,0.774
"254",41023,"a2i1p0s0t1",0.2308,0.15,0.624,0.226,0.85,0.376,0.774
"255",41023,"a2i0p2s0t0",0.25,0.15,0.624,0.226,0.85,0.376,0.774
"256",41023,"a2i0p1s1t0",0.2692,0.15,0.624,0.226,0.85,0.376,0.774
"257",41023,"a2i0p1s0t1",0.2308,0.15,0.624,0.226,0.85,0.376,0.774
"258",41023,"a2i0p0s2t0",0.2899,0.15,0.624,0.226,0.85,0.376,0.774
"259",41023,"a2i0p0s1t1",0.497,0.15,0.624,0.226,0.85,0.376,0.774
"260",41023,"a2i0p0s0t2",0.213,0.15,0.624,0.226,0.85,0.376,0.774
"261",41025,"a1i2p0s0t0",0.25,0.155,0.531,0.314,0.845,0.469,0.686
"262",41025,"a1i1p1s0t0",0.5,0.155,0.531,0.314,0.845,0.469,0.686
"263",41025,"a1i1p0s1t0",0.2692,0.155,0.531,0.314,0.845,0.469,0.686
"264",41025,"a1i1p0s0t1",0.2308,0.155,0.531,0.314,0.845,0.469,0.686
"265",41025,"a1i0p2s0t0",0.25,0.155,0.531,0.314,0.845,0.469,0.686
"266",41025,"a1i0p1s1t0",0.2692,0.155,0.531,0.314,0.845,0.469,0.686
"267",41025,"a1i0p1s0t1",0.2308,0.155,0.531,0.314,0.845,0.469,0.686
"268",41025,"a1i0p0s2t0",0.2899,0.155,0.531,0.314,0.845,0.469,0.686
"269",41025,"a1i0p0s1t1",0.497,0.155,0.531,0.314,0.845,0.469,0.686
"270",41025,"a1i0p0s0t2",0.213,0.155,0.531,0.314,0.845,0.469,0.686
"271",41025,"a2i2p0s0t0",0.25,0.155,0.531,0.314,0.845,0.469,0.686
"272",41025,"a2i1p1s0t0",0.5,0.155,0.531,0.314,0.845,0.469,0.686
"273",41025,"a2i1p0s1t0",0.2692,0.155,0.531,0.314,0.845,0.469,0.686
"274",41025,"a2i1p0s0t1",0.2308,0.155,0.531,0.314,0.845,0.469,0.686
"275",41025,"a2i0p2s0t0",0.25,0.155,0.531,0.314,0.845,0.469,0.686
"276",41025,"a2i0p1s1t0",0.2692,0.155,0.531,0.314,0.845,0.469,0.686
"277",41025,"a2i0p1s0t1",0.2308,0.155,0.531,0.314,0.845,0.469,0.686
"278",41025,"a2i0p0s2t0",0.2899,0.155,0.531,0.314,0.845,0.469,0.686
"279",41025,"a2i0p0s1t1",0.497,0.155,0.531,0.314,0.845,0.469,0.686
"280",41025,"a2i0p0s0t2",0.213,0.155,0.531,0.314,0.845,0.469,0.686
"281",41027,"a1i2p0s0t0",0.25,0.242,0.553,0.205,0.758,0.447,0.795
"282",41027,"a1i1p1s0t0",0.5,0.242,0.553,0.205,0.758,0.447,0.795
"283",41027,"a1i1p0s1t0",0.2692,0.242,0.553,0.205,0.758,0.447,0.795
"284",41027,"a1i1p0s0t1",0.2308,0.242,0.553,0.205,0.758,0.447,0.795
"285",41027,"a1i0p2s0t0",0.25,0.242,0.553,0.205,0.758,0.447,0.795
"286",41027,"a1i0p1s1t0",0.2692,0.242,0.553,0.205,0.758,0.447,0.795
"287",41027,"a1i0p1s0t1",0.2308,0.242,0.553,0.205,0.758,0.447,0.795
"288",41027,"a1i0p0s2t0",0.2899,0.242,0.553,0.205,0.758,0.447,0.795
"289",41027,"a1i0p0s1t1",0.497,0.242,0.553,0.205,0.758,0.447,0.795
"290",41027,"a1i0p0s0t2",0.213,0.242,0.553,0.205,0.758,0.447,0.795
"291",41027,"a2i2p0s0t0",0.25,0.242,0.553,0.205,0.758,0.447,0.795
"292",41027,"a2i1p1s0t0",0.5,0.242,0.553,0.205,0.758,0.447,0.795
"293",41027,"a2i1p0s1t0",0.2692,0.242,0.553,0.205,0.758,0.447,0.795
"294",41027,"a2i1p0s0t1",0.2308,0.242,0.553,0.205,0.758,0.447,0.795
"295",41027,"a2i0p2s0t0",0.25,0.242,0.553,0.205,0.758,0.447,0.795
"296",41027,"a2i0p1s1t0",0.2692,0.242,0.553,0.205,0.758,0.447,0.795
"297",41027,"a2i0p1s0t1",0.2308,0.242,0.553,0.205,0.758,0.447,0.795
"298",41027,"a2i0p0s2t0",0.2899,0.242,0.553,0.205,0.758,0.447,0.795
"299",41027,"a2i0p0s1t1",0.497,0.242,0.553,0.205,0.758,0.447,0.795
"300",41027,"a2i0p0s0t2",0.213,0.242,0.553,0.205,0.758,0.447,0.795
"301",41029,"a1i2p0s0t0",0.25,0.241,0.541,0.218,0.759,0.459,0.782
"302",41029,"a1i1p1s0t0",0.5,0.241,0.541,0.218,0.759,0.459,0.782
"303",41029,"a1i1p0s1t0",0.2692,0.241,0.541,0.218,0.759,0.459,0.782
"304",41029,"a1i1p0s0t1",0.2308,0.241,0.541,0.218,0.759,0.459,0.782
"305",41029,"a1i0p2s0t0",0.25,0.241,0.541,0.218,0.759,0.459,0.782
"306",41029,"a1i0p1s1t0",0.2692,0.241,0.541,0.218,0.759,0.459,0.782
"307",41029,"a1i0p1s0t1",0.2308,0.241,0.541,0.218,0.759,0.459,0.782
"308",41029,"a1i0p0s2t0",0.2899,0.241,0.541,0.218,0.759,0.459,0.782
"309",41029,"a1i0p0s1t1",0.497,0.241,0.541,0.218,0.759,0.459,0.782
"310",41029,"a1i0p0s0t2",0.213,0.241,0.541,0.218,0.759,0.459,0.782
"311",41029,"a2i2p0s0t0",0.25,0.241,0.541,0.218,0.759,0.459,0.782
"312",41029,"a2i1p1s0t0",0.5,0.241,0.541,0.218,0.759,0.459,0.782
"313",41029,"a2i1p0s1t0",0.2692,0.241,0.541,0.218,0.759,0.459,0.782
"314",41029,"a2i1p0s0t1",0.2308,0.241,0.541,0.218,0.759,0.459,0.782
"315",41029,"a2i0p2s0t0",0.25,0.241,0.541,0.218,0.759,0.459,0.782
"316",41029,"a2i0p1s1t0",0.2692,0.241,0.541,0.218,0.759,0.459,0.782
"317",41029,"a2i0p1s0t1",0.2308,0.241,0.541,0.218,0.759,0.459,0.782
"318",41029,"a2i0p0s2t0",0.2899,0.241,0.541,0.218,0.759,0.459,0.782
"319",41029,"a2i0p0s1t1",0.497,0.241,0.541,0.218,0.759,0.459,0.782
"320",41029,"a2i0p0s0t2",0.213,0.241,0.541,0.218,0.759,0.459,0.782
"321",41031,"a1i2p0s0t0",0.25,0.104,0.64,0.256,0.896,0.36,0.744
"322",41031,"a1i1p1s0t0",0.5,0.104,0.64,0.256,0.896,0.36,0.744
"323",41031,"a1i1p0s1t0",0.2692,0.104,0.64,0.256,0.896,0.36,0.744
"324",41031,"a1i1p0s0t1",0.2308,0.104,0.64,0.256,0.896,0.36,0.744
"325",41031,"a1i0p2s0t0",0.25,0.104,0.64,0.256,0.896,0.36,0.744
"326",41031,"a1i0p1s1t0",0.2692,0.104,0.64,0.256,0.896,0.36,0.744
"327",41031,"a1i0p1s0t1",0.2308,0.104,0.64,0.256,0.896,0.36,0.744
"328",41031,"a1i0p0s2t0",0.2899,0.104,0.64,0.256,0.896,0.36,0.744
"329",41031,"a1i0p0s1t1",0.497,0.104,0.64,0.256,0.896,0.36,0.744
"330",41031,"a1i0p0s0t2",0.213,0.104,0.64,0.256,0.896,0.36,0.744
"331",41031,"a2i2p0s0t0",0.25,0.104,0.64,0.256,0.896,0.36,0.744
"332",41031,"a2i1p1s0t0",0.5,0.104,0.64,0.256,0.896,0.36,0.744
"333",41031,"a2i1p0s1t0",0.2692,0.104,0.64,0.256,0.896,0.36,0.744
"334",41031,"a2i1p0s0t1",0.2308,0.104,0.64,0.256,0.896,0.36,0.744
"335",41031,"a2i0p2s0t0",0.25,0.104,0.64,0.256,0.896,0.36,0.744
"336",41031,"a2i0p1s1t0",0.2692,0.104,0.64,0.256,0.896,0.36,0.744
"337",41031,"a2i0p1s0t1",0.2308,0.104,0.64,0.256,0.896,0.36,0.744
"338",41031,"a2i0p0s2t0",0.2899,0.104,0.64,0.256,0.896,0.36,0.744
"339",41031,"a2i0p0s1t1",0.497,0.104,0.64,0.256,0.896,0.36,0.744
"340",41031,"a2i0p0s0t2",0.213,0.104,0.64,0.256,0.896,0.36,0.744
"341",41033,"a1i2p0s0t0",0.25,0.203,0.624,0.173,0.797,0.376,0.827
"342",41033,"a1i1p1s0t0",0.5,0.203,0.624,0.173,0.797,0.376,0.827
"343",41033,"a1i1p0s1t0",0.2692,0.203,0.624,0.173,0.797,0.376,0.827
"344",41033,"a1i1p0s0t1",0.2308,0.203,0.624,0.173,0.797,0.376,0.827
"345",41033,"a1i0p2s0t0",0.25,0.203,0.624,0.173,0.797,0.376,0.827
"346",41033,"a1i0p1s1t0",0.2692,0.203,0.624,0.173,0.797,0.376,0.827
"347",41033,"a1i0p1s0t1",0.2308,0.203,0.624,0.173,0.797,0.376,0.827
"348",41033,"a1i0p0s2t0",0.2899,0.203,0.624,0.173,0.797,0.376,0.827
"349",41033,"a1i0p0s1t1",0.497,0.203,0.624,0.173,0.797,0.376,0.827
"350",41033,"a1i0p0s0t2",0.213,0.203,0.624,0.173,0.797,0.376,0.827
"351",41033,"a2i2p0s0t0",0.25,0.203,0.624,0.173,0.797,0.376,0.827
"352",41033,"a2i1p1s0t0",0.5,0.203,0.624,0.173,0.797,0.376,0.827
"353",41033,"a2i1p0s1t0",0.2692,0.203,0.624,0.173,0.797,0.376,0.827
"354",41033,"a2i1p0s0t1",0.2308,0.203,0.624,0.173,0.797,0.376,0.827
"355",41033,"a2i0p2s0t0",0.25,0.203,0.624,0.173,0.797,0.376,0.827
"356",41033,"a2i0p1s1t0",0.2692,0.203,0.624,0.173,0.797,0.376,0.827
"357",41033,"a2i0p1s0t1",0.2308,0.203,0.624,0.173,0.797,0.376,0.827
"358",41033,"a2i0p0s2t0",0.2899,0.203,0.624,0.173,0.797,0.376,0.827
"359",41033,"a2i0p0s1t1",0.497,0.203,0.624,0.173,0.797,0.376,0.827
"360",41033,"a2i0p0s0t2",0.213,0.203,0.624,0.173,0.797,0.376,0.827
"361",41035,"a1i2p0s0t0",0.25,0.162,0.621,0.217,0.838,0.379,0.783
"362",41035,"a1i1p1s0t0",0.5,0.162,0.621,0.217,0.838,0.379,0.783
"363",41035,"a1i1p0s1t0",0.2692,0.162,0.621,0.217,0.838,0.379,0.783
"364",41035,"a1i1p0s0t1",0.2308,0.162,0.621,0.217,0.838,0.379,0.783
"365",41035,"a1i0p2s0t0",0.25,0.162,0.621,0.217,0.838,0.379,0.783
"366",41035,"a1i0p1s1t0",0.2692,0.162,0.621,0.217,0.838,0.379,0.783
"367",41035,"a1i0p1s0t1",0.2308,0.162,0.621,0.217,0.838,0.379,0.783
"368",41035,"a1i0p0s2t0",0.2899,0.162,0.621,0.217,0.838,0.379,0.783
"369",41035,"a1i0p0s1t1",0.497,0.162,0.621,0.217,0.838,0.379,0.783
"370",41035,"a1i0p0s0t2",0.213,0.162,0.621,0.217,0.838,0.379,0.783
"371",41035,"a2i2p0s0t0",0.25,0.162,0.621,0.217,0.838,0.379,0.783
"372",41035,"a2i1p1s0t0",0.5,0.162,0.621,0.217,0.838,0.379,0.783
"373",41035,"a2i1p0s1t0",0.2692,0.162,0.621,0.217,0.838,0.379,0.783
"374",41035,"a2i1p0s0t1",0.2308,0.162,0.621,0.217,0.838,0.379,0.783
"375",41035,"a2i0p2s0t0",0.25,0.162,0.621,0.217,0.838,0.379,0.783
"376",41035,"a2i0p1s1t0",0.2692,0.162,0.621,0.217,0.838,0.379,0.783
"377",41035,"a2i0p1s0t1",0.2308,0.162,0.621,0.217,0.838,0.379,0.783
"378",41035,"a2i0p0s2t0",0.2899,0.162,0.621,0.217,0.838,0.379,0.783
"379",41035,"a2i0p0s1t1",0.497,0.162,0.621,0.217,0.838,0.379,0.783
"380",41035,"a2i0p0s0t2",0.213,0.162,0.621,0.217,0.838,0.379,0.783
"381",41037,"a1i2p0s0t0",0.25,0.247,0.614,0.139,0.753,0.386,0.861
"382",41037,"a1i1p1s0t0",0.5,0.247,0.614,0.139,0.753,0.386,0.861
"383",41037,"a1i1p0s1t0",0.2692,0.247,0.614,0.139,0.753,0.386,0.861
"384",41037,"a1i1p0s0t1",0.2308,0.247,0.614,0.139,0.753,0.386,0.861
"385",41037,"a1i0p2s0t0",0.25,0.247,0.614,0.139,0.753,0.386,0.861
"386",41037,"a1i0p1s1t0",0.2692,0.247,0.614,0.139,0.753,0.386,0.861
"387",41037,"a1i0p1s0t1",0.2308,0.247,0.614,0.139,0.753,0.386,0.861
"388",41037,"a1i0p0s2t0",0.2899,0.247,0.614,0.139,0.753,0.386,0.861
"389",41037,"a1i0p0s1t1",0.497,0.247,0.614,0.139,0.753,0.386,0.861
"390",41037,"a1i0p0s0t2",0.213,0.247,0.614,0.139,0.753,0.386,0.861
"391",41037,"a2i2p0s0t0",0.25,0.247,0.614,0.139,0.753,0.386,0.861
"392",41037,"a2i1p1s0t0",0.5,0.247,0.614,0.139,0.753,0.386,0.861
"393",41037,"a2i1p0s1t0",0.2692,0.247,0.614,0.139,0.753,0.386,0.861
"394",41037,"a2i1p0s0t1",0.2308,0.247,0.614,0.139,0.753,0.386,0.861
"395",41037,"a2i0p2s0t0",0.25,0.247,0.614,0.139,0.753,0.386,0.861
"396",41037,"a2i0p1s1t0",0.2692,0.247,0.614,0.139,0.753,0.386,0.861
"397",41037,"a2i0p1s0t1",0.2308,0.247,0.614,0.139,0.753,0.386,0.861
"398",41037,"a2i0p0s2t0",0.2899,0.247,0.614,0.139,0.753,0.386,0.861
"399",41037,"a2i0p0s1t1",0.497,0.247,0.614,0.139,0.753,0.386,0.861
"400",41037,"a2i0p0s0t2",0.213,0.247,0.614,0.139,0.753,0.386,0.861
"401",41039,"a1i2p0s0t0",0.25,0.218,0.581,0.201,0.782,0.419,0.799
"402",41039,"a1i1p1s0t0",0.5,0.218,0.581,0.201,0.782,0.419,0.799
"403",41039,"a1i1p0s1t0",0.2692,0.218,0.581,0.201,0.782,0.419,0.799
"404",41039,"a1i1p0s0t1",0.2308,0.218,0.581,0.201,0.782,0.419,0.799
"405",41039,"a1i0p2s0t0",0.25,0.218,0.581,0.201,0.782,0.419,0.799
"406",41039,"a1i0p1s1t0",0.2692,0.218,0.581,0.201,0.782,0.419,0.799
"407",41039,"a1i0p1s0t1",0.2308,0.218,0.581,0.201,0.782,0.419,0.799
"408",41039,"a1i0p0s2t0",0.2899,0.218,0.581,0.201,0.782,0.419,0.799
"409",41039,"a1i0p0s1t1",0.497,0.218,0.581,0.201,0.782,0.419,0.799
"410",41039,"a1i0p0s0t2",0.213,0.218,0.581,0.201,0.782,0.419,0.799
"411",41039,"a2i2p0s0t0",0.25,0.218,0.581,0.201,0.782,0.419,0.799
"412",41039,"a2i1p1s0t0",0.5,0.218,0.581,0.201,0.782,0.419,0.799
"413",41039,"a2i1p0s1t0",0.2692,0.218,0.581,0.201,0.782,0.419,0.799
"414",41039,"a2i1p0s0t1",0.2308,0.218,0.581,0.201,0.782,0.419,0.799
"415",41039,"a2i0p2s0t0",0.25,0.218,0.581,0.201,0.782,0.419,0.799
"416",41039,"a2i0p1s1t0",0.2692,0.218,0.581,0.201,0.782,0.419,0.799
"417",41039,"a2i0p1s0t1",0.2308,0.218,0.581,0.201,0.782,0.419,0.799
"418",41039,"a2i0p0s2t0",0.2899,0.218,0.581,0.201,0.782,0.419,0.799
"419",41039,"a2i0p0s1t1",0.497,0.218,0.581,0.201,0.782,0.419,0.799
"420",41039,"a2i0p0s0t2",0.213,0.218,0.581,0.201,0.782,0.419,0.799
"421",41041,"a1i2p0s0t0",0.25,0.184,0.587,0.229,0.816,0.413,0.771
"422",41041,"a1i1p1s0t0",0.5,0.184,0.587,0.229,0.816,0.413,0.771
"423",41041,"a1i1p0s1t0",0.2692,0.184,0.587,0.229,0.816,0.413,0.771
"424",41041,"a1i1p0s0t1",0.2308,0.184,0.587,0.229,0.816,0.413,0.771
"425",41041,"a1i0p2s0t0",0.25,0.184,0.587,0.229,0.816,0.413,0.771
"426",41041,"a1i0p1s1t0",0.2692,0.184,0.587,0.229,0.816,0.413,0.771
"427",41041,"a1i0p1s0t1",0.2308,0.184,0.587,0.229,0.816,0.413,0.771
"428",41041,"a1i0p0s2t0",0.2899,0.184,0.587,0.229,0.816,0.413,0.771
"429",41041,"a1i0p0s1t1",0.497,0.184,0.587,0.229,0.816,0.413,0.771
"430",41041,"a1i0p0s0t2",0.213,0.184,0.587,0.229,0.816,0.413,0.771
"431",41041,"a2i2p0s0t0",0.25,0.184,0.587,0.229,0.816,0.413,0.771
"432",41041,"a2i1p1s0t0",0.5,0.184,0.587,0.229,0.816,0.413,0.771
"433",41041,"a2i1p0s1t0",0.2692,0.184,0.587,0.229,0.816,0.413,0.771
"434",41041,"a2i1p0s0t1",0.2308,0.184,0.587,0.229,0.816,0.413,0.771
"435",41041,"a2i0p2s0t0",0.25,0.184,0.587,0.229,0.816,0.413,0.771
"436",41041,"a2i0p1s1t0",0.2692,0.184,0.587,0.229,0.816,0.413,0.771
"437",41041,"a2i0p1s0t1",0.2308,0.184,0.587,0.229,0.816,0.413,0.771
"438",41041,"a2i0p0s2t0",0.2899,0.184,0.587,0.229,0.816,0.413,0.771
"439",41041,"a2i0p0s1t1",0.497,0.184,0.587,0.229,0.816,0.413,0.771
"440",41041,"a2i0p0s0t2",0.213,0.184,0.587,0.229,0.816,0.413,0.771
"441",41043,"a1i2p0s0t0",0.25,0.239,0.562,0.2,0.761,0.438,0.8
"442",41043,"a1i1p1s0t0",0.5,0.239,0.562,0.2,0.761,0.438,0.8
"443",41043,"a1i1p0s1t0",0.2692,0.239,0.562,0.2,0.761,0.438,0.8
"444",41043,"a1i1p0s0t1",0.2308,0.239,0.562,0.2,0.761,0.438,0.8
"445",41043,"a1i0p2s0t0",0.25,0.239,0.562,0.2,0.761,0.438,0.8
"446",41043,"a1i0p1s1t0",0.2692,0.239,0.562,0.2,0.761,0.438,0.8
"447",41043,"a1i0p1s0t1",0.2308,0.239,0.562,0.2,0.761,0.438,0.8
"448",41043,"a1i0p0s2t0",0.2899,0.239,0.562,0.2,0.761,0.438,0.8
"449",41043,"a1i0p0s1t1",0.497,0.239,0.562,0.2,0.761,0.438,0.8
"450",41043,"a1i0p0s0t2",0.213,0.239,0.562,0.2,0.761,0.438,0.8
"451",41043,"a2i2p0s0t0",0.25,0.239,0.562,0.2,0.761,0.438,0.8
"452",41043,"a2i1p1s0t0",0.5,0.239,0.562,0.2,0.761,0.438,0.8
"453",41043,"a2i1p0s1t0",0.2692,0.239,0.562,0.2,0.761,0.438,0.8
"454",41043,"a2i1p0s0t1",0.2308,0.239,0.562,0.2,0.761,0.438,0.8
"455",41043,"a2i0p2s0t0",0.25,0.239,0.562,0.2,0.761,0.438,0.8
"456",41043,"a2i0p1s1t0",0.2692,0.239,0.562,0.2,0.761,0.438,0.8
"457",41043,"a2i0p1s0t1",0.2308,0.239,0.562,0.2,0.761,0.438,0.8
"458",41043,"a2i0p0s2t0",0.2899,0.239,0.562,0.2,0.761,0.438,0.8
"459",41043,"a2i0p0s1t1",0.497,0.239,0.562,0.2,0.761,0.438,0.8
"460",41043,"a2i0p0s0t2",0.213,0.239,0.562,0.2,0.761,0.438,0.8
"461",41045,"a1i2p0s0t0",0.25,0.2,0.546,0.254,0.8,0.454,0.746
"462",41045,"a1i1p1s0t0",0.5,0.2,0.546,0.254,0.8,0.454,0.746
"463",41045,"a1i1p0s1t0",0.2692,0.2,0.546,0.254,0.8,0.454,0.746
"464",41045,"a1i1p0s0t1",0.2308,0.2,0.546,0.254,0.8,0.454,0.746
"465",41045,"a1i0p2s0t0",0.25,0.2,0.546,0.254,0.8,0.454,0.746
"466",41045,"a1i0p1s1t0",0.2692,0.2,0.546,0.254,0.8,0.454,0.746
"467",41045,"a1i0p1s0t1",0.2308,0.2,0.546,0.254,0.8,0.454,0.746
"468",41045,"a1i0p0s2t0",0.2899,0.2,0.546,0.254,0.8,0.454,0.746
"469",41045,"a1i0p0s1t1",0.497,0.2,0.546,0.254,0.8,0.454,0.746
"470",41045,"a1i0p0s0t2",0.213,0.2,0.546,0.254,0.8,0.454,0.746
"471",41045,"a2i2p0s0t0",0.25,0.2,0.546,0.254,0.8,0.454,0.746
"472",41045,"a2i1p1s0t0",0.5,0.2,0.546,0.254,0.8,0.454,0.746
"473",41045,"a2i1p0s1t0",0.2692,0.2,0.546,0.254,0.8,0.454,0.746
"474",41045,"a2i1p0s0t1",0.2308,0.2,0.546,0.254,0.8,0.454,0.746
"475",41045,"a2i0p2s0t0",0.25,0.2,0.546,0.254,0.8,0.454,0.746
"476",41045,"a2i0p1s1t0",0.2692,0.2,0.546,0.254,0.8,0.454,0.746
"477",41045,"a2i0p1s0t1",0.2308,0.2,0.546,0.254,0.8,0.454,0.746
"478",41045,"a2i0p0s2t0",0.2899,0.2,0.546,0.254,0.8,0.454,0.746
"479",41045,"a2i0p0s1t1",0.497,0.2,0.546,0.254,0.8,0.454,0.746
"480",41045,"a2i0p0s0t2",0.213,0.2,0.546,0.254,0.8,0.454,0.746
"481",41047,"a1i2p0s0t0",0.25,0.21,0.546,0.244,0.79,0.454,0.756
"482",41047,"a1i1p1s0t0",0.5,0.21,0.546,0.244,0.79,0.454,0.756
"483",41047,"a1i1p0s1t0",0.2692,0.21,0.546,0.244,0.79,0.454,0.756
"484",41047,"a1i1p0s0t1",0.2308,0.21,0.546,0.244,0.79,0.454,0.756
"485",41047,"a1i0p2s0t0",0.25,0.21,0.546,0.244,0.79,0.454,0.756
"486",41047,"a1i0p1s1t0",0.2692,0.21,0.546,0.244,0.79,0.454,0.756
"487",41047,"a1i0p1s0t1",0.2308,0.21,0.546,0.244,0.79,0.454,0.756
"488",41047,"a1i0p0s2t0",0.2899,0.21,0.546,0.244,0.79,0.454,0.756
"489",41047,"a1i0p0s1t1",0.497,0.21,0.546,0.244,0.79,0.454,0.756
"490",41047,"a1i0p0s0t2",0.213,0.21,0.546,0.244,0.79,0.454,0.756
"491",41047,"a2i2p0s0t0",0.25,0.21,0.546,0.244,0.79,0.454,0.756
"492",41047,"a2i1p1s0t0",0.5,0.21,0.546,0.244,0.79,0.454,0.756
"493",41047,"a2i1p0s1t0",0.2692,0.21,0.546,0.244,0.79,0.454,0.756
"494",41047,"a2i1p0s0t1",0.2308,0.21,0.546,0.244,0.79,0.454,0.756
"495",41047,"a2i0p2s0t0",0.25,0.21,0.546,0.244,0.79,0.454,0.756
"496",41047,"a2i0p1s1t0",0.2692,0.21,0.546,0.244,0.79,0.454,0.756
"497",41047,"a2i0p1s0t1",0.2308,0.21,0.546,0.244,0.79,0.454,0.756
"498",41047,"a2i0p0s2t0",0.2899,0.21,0.546,0.244,0.79,0.454,0.756
"499",41047,"a2i0p0s1t1",0.497,0.21,0.546,0.244,0.79,0.454,0.756
"500",41047,"a2i0p0s0t2",0.213,0.21,0.546,0.244,0.79,0.454,0.756
"501",41049,"a1i2p0s0t0",0.25,0.184,0.478,0.339,0.816,0.522,0.661
"502",41049,"a1i1p1s0t0",0.5,0.184,0.478,0.339,0.816,0.522,0.661
"503",41049,"a1i1p0s1t0",0.2692,0.184,0.478,0.339,0.816,0.522,0.661
"504",41049,"a1i1p0s0t1",0.2308,0.184,0.478,0.339,0.816,0.522,0.661
"505",41049,"a1i0p2s0t0",0.25,0.184,0.478,0.339,0.816,0.522,0.661
"506",41049,"a1i0p1s1t0",0.2692,0.184,0.478,0.339,0.816,0.522,0.661
"507",41049,"a1i0p1s0t1",0.2308,0.184,0.478,0.339,0.816,0.522,0.661
"508",41049,"a1i0p0s2t0",0.2899,0.184,0.478,0.339,0.816,0.522,0.661
"509",41049,"a1i0p0s1t1",0.497,0.184,0.478,0.339,0.816,0.522,0.661
"510",41049,"a1i0p0s0t2",0.213,0.184,0.478,0.339,0.816,0.522,0.661
"511",41049,"a2i2p0s0t0",0.25,0.184,0.478,0.339,0.816,0.522,0.661
"512",41049,"a2i1p1s0t0",0.5,0.184,0.478,0.339,0.816,0.522,0.661
"513",41049,"a2i1p0s1t0",0.2692,0.184,0.478,0.339,0.816,0.522,0.661
"514",41049,"a2i1p0s0t1",0.2308,0.184,0.478,0.339,0.816,0.522,0.661
"515",41049,"a2i0p2s0t0",0.25,0.184,0.478,0.339,0.816,0.522,0.661
"516",41049,"a2i0p1s1t0",0.2692,0.184,0.478,0.339,0.816,0.522,0.661
"517",41049,"a2i0p1s0t1",0.2308,0.184,0.478,0.339,0.816,0.522,0.661
"518",41049,"a2i0p0s2t0",0.2899,0.184,0.478,0.339,0.816,0.522,0.661
"519",41049,"a2i0p0s1t1",0.497,0.184,0.478,0.339,0.816,0.522,0.661
"520",41049,"a2i0p0s0t2",0.213,0.184,0.478,0.339,0.816,0.522,0.661
"521",41051,"a1i2p0s0t0",0.25,0.304,0.486,0.21,0.696,0.514,0.79
"522",41051,"a1i1p1s0t0",0.5,0.304,0.486,0.21,0.696,0.514,0.79
"523",41051,"a1i1p0s1t0",0.2692,0.304,0.486,0.21,0.696,0.514,0.79
"524",41051,"a1i1p0s0t1",0.2308,0.304,0.486,0.21,0.696,0.514,0.79
"525",41051,"a1i0p2s0t0",0.25,0.304,0.486,0.21,0.696,0.514,0.79
"526",41051,"a1i0p1s1t0",0.2692,0.304,0.486,0.21,0.696,0.514,0.79
"527",41051,"a1i0p1s0t1",0.2308,0.304,0.486,0.21,0.696,0.514,0.79
"528",41051,"a1i0p0s2t0",0.2899,0.304,0.486,0.21,0.696,0.514,0.79
"529",41051,"a1i0p0s1t1",0.497,0.304,0.486,0.21,0.696,0.514,0.79
"530",41051,"a1i0p0s0t2",0.213,0.304,0.486,0.21,0.696,0.514,0.79
"531",41051,"a2i2p0s0t0",0.25,0.304,0.486,0.21,0.696,0.514,0.79
"532",41051,"a2i1p1s0t0",0.5,0.304,0.486,0.21,0.696,0.514,0.79
"533",41051,"a2i1p0s1t0",0.2692,0.304,0.486,0.21,0.696,0.514,0.79
"534",41051,"a2i1p0s0t1",0.2308,0.304,0.486,0.21,0.696,0.514,0.79
"535",41051,"a2i0p2s0t0",0.25,0.304,0.486,0.21,0.696,0.514,0.79
"536",41051,"a2i0p1s1t0",0.2692,0.304,0.486,0.21,0.696,0.514,0.79
"537",41051,"a2i0p1s0t1",0.2308,0.304,0.486,0.21,0.696,0.514,0.79
"538",41051,"a2i0p0s2t0",0.2899,0.304,0.486,0.21,0.696,0.514,0.79
"539",41051,"a2i0p0s1t1",0.497,0.304,0.486,0.21,0.696,0.514,0.79
"540",41051,"a2i0p0s0t2",0.213,0.304,0.486,0.21,0.696,0.514,0.79
"541",41053,"a1i2p0s0t0",0.25,0.174,0.569,0.257,0.826,0.431,0.743
"542",41053,"a1i1p1s0t0",0.5,0.174,0.569,0.257,0.826,0.431,0.743
"543",41053,"a1i1p0s1t0",0.2692,0.174,0.569,0.257,0.826,0.431,0.743
"544",41053,"a1i1p0s0t1",0.2308,0.174,0.569,0.257,0.826,0.431,0.743
"545",41053,"a1i0p2s0t0",0.25,0.174,0.569,0.257,0.826,0.431,0.743
"546",41053,"a1i0p1s1t0",0.2692,0.174,0.569,0.257,0.826,0.431,0.743
"547",41053,"a1i0p1s0t1",0.2308,0.174,0.569,0.257,0.826,0.431,0.743
"548",41053,"a1i0p0s2t0",0.2899,0.174,0.569,0.257,0.826,0.431,0.743
"549",41053,"a1i0p0s1t1",0.497,0.174,0.569,0.257,0.826,0.431,0.743
"550",41053,"a1i0p0s0t2",0.213,0.174,0.569,0.257,0.826,0.431,0.743
"551",41053,"a2i2p0s0t0",0.25,0.174,0.569,0.257,0.826,0.431,0.743
"552",41053,"a2i1p1s0t0",0.5,0.174,0.569,0.257,0.826,0.431,0.743
"553",41053,"a2i1p0s1t0",0.2692,0.174,0.569,0.257,0.826,0.431,0.743
"554",41053,"a2i1p0s0t1",0.2308,0.174,0.569,0.257,0.826,0.431,0.743
"555",41053,"a2i0p2s0t0",0.25,0.174,0.569,0.257,0.826,0.431,0.743
"556",41053,"a2i0p1s1t0",0.2692,0.174,0.569,0.257,0.826,0.431,0.743
"557",41053,"a2i0p1s0t1",0.2308,0.174,0.569,0.257,0.826,0.431,0.743
"558",41053,"a2i0p0s2t0",0.2899,0.174,0.569,0.257,0.826,0.431,0.743
"559",41053,"a2i0p0s1t1",0.497,0.174,0.569,0.257,0.826,0.431,0.743
"560",41053,"a2i0p0s0t2",0.213,0.174,0.569,0.257,0.826,0.431,0.743
"561",41055,"a1i2p0s0t0",0.25,0.165,0.635,0.2,0.835,0.365,0.8
"562",41055,"a1i1p1s0t0",0.5,0.165,0.635,0.2,0.835,0.365,0.8
"563",41055,"a1i1p0s1t0",0.2692,0.165,0.635,0.2,0.835,0.365,0.8
"564",41055,"a1i1p0s0t1",0.2308,0.165,0.635,0.2,0.835,0.365,0.8
"565",41055,"a1i0p2s0t0",0.25,0.165,0.635,0.2,0.835,0.365,0.8
"566",41055,"a1i0p1s1t0",0.2692,0.165,0.635,0.2,0.835,0.365,0.8
"567",41055,"a1i0p1s0t1",0.2308,0.165,0.635,0.2,0.835,0.365,0.8
"568",41055,"a1i0p0s2t0",0.2899,0.165,0.635,0.2,0.835,0.365,0.8
"569",41055,"a1i0p0s1t1",0.497,0.165,0.635,0.2,0.835,0.365,0.8
"570",41055,"a1i0p0s0t2",0.213,0.165,0.635,0.2,0.835,0.365,0.8
"571",41055,"a2i2p0s0t0",0.25,0.165,0.635,0.2,0.835,0.365,0.8
"572",41055,"a2i1p1s0t0",0.5,0.165,0.635,0.2,0.835,0.365,0.8
"573",41055,"a2i1p0s1t0",0.2692,0.165,0.635,0.2,0.835,0.365,0.8
"574",41055,"a2i1p0s0t1",0.2308,0.165,0.635,0.2,0.835,0.365,0.8
"575",41055,"a2i0p2s0t0",0.25,0.165,0.635,0.2,0.835,0.365,0.8
"576",41055,"a2i0p1s1t0",0.2692,0.165,0.635,0.2,0.835,0.365,0.8
"577",41055,"a2i0p1s0t1",0.2308,0.165,0.635,0.2,0.835,0.365,0.8
"578",41055,"a2i0p0s2t0",0.2899,0.165,0.635,0.2,0.835,0.365,0.8
"579",41055,"a2i0p0s1t1",0.497,0.165,0.635,0.2,0.835,0.365,0.8
"580",41055,"a2i0p0s0t2",0.213,0.165,0.635,0.2,0.835,0.365,0.8
"581",41057,"a1i2p0s0t0",0.25,0.209,0.52,0.271,0.791,0.48,0.729
"582",41057,"a1i1p1s0t0",0.5,0.209,0.52,0.271,0.791,0.48,0.729
"583",41057,"a1i1p0s1t0",0.2692,0.209,0.52,0.271,0.791,0.48,0.729
"584",41057,"a1i1p0s0t1",0.2308,0.209,0.52,0.271,0.791,0.48,0.729
"585",41057,"a1i0p2s0t0",0.25,0.209,0.52,0.271,0.791,0.48,0.729
"586",41057,"a1i0p1s1t0",0.2692,0.209,0.52,0.271,0.791,0.48,0.729
"587",41057,"a1i0p1s0t1",0.2308,0.209,0.52,0.271,0.791,0.48,0.729
"588",41057,"a1i0p0s2t0",0.2899,0.209,0.52,0.271,0.791,0.48,0.729
"589",41057,"a1i0p0s1t1",0.497,0.209,0.52,0.271,0.791,0.48,0.729
"590",41057,"a1i0p0s0t2",0.213,0.209,0.52,0.271,0.791,0.48,0.729
"591",41057,"a2i2p0s0t0",0.25,0.209,0.52,0.271,0.791,0.48,0.729
"592",41057,"a2i1p1s0t0",0.5,0.209,0.52,0.271,0.791,0.48,0.729
"593",41057,"a2i1p0s1t0",0.2692,0.209,0.52,0.271,0.791,0.48,0.729
"594",41057,"a2i1p0s0t1",0.2308,0.209,0.52,0.271,0.791,0.48,0.729
"595",41057,"a2i0p2s0t0",0.25,0.209,0.52,0.271,0.791,0.48,0.729
"596",41057,"a2i0p1s1t0",0.2692,0.209,0.52,0.271,0.791,0.48,0.729
"597",41057,"a2i0p1s0t1",0.2308,0.209,0.52,0.271,0.791,0.48,0.729
"598",41057,"a2i0p0s2t0",0.2899,0.209,0.52,0.271,0.791,0.48,0.729
"599",41057,"a2i0p0s1t1",0.497,0.209,0.52,0.271,0.791,0.48,0.729
"600",41057,"a2i0p0s0t2",0.213,0.209,0.52,0.271,0.791,0.48,0.729
"601",41059,"a1i2p0s0t0",0.25,0.175,0.578,0.247,0.825,0.422,0.753
"602",41059,"a1i1p1s0t0",0.5,0.175,0.578,0.247,0.825,0.422,0.753
"603",41059,"a1i1p0s1t0",0.2692,0.175,0.578,0.247,0.825,0.422,0.753
"604",41059,"a1i1p0s0t1",0.2308,0.175,0.578,0.247,0.825,0.422,0.753
"605",41059,"a1i0p2s0t0",0.25,0.175,0.578,0.247,0.825,0.422,0.753
"606",41059,"a1i0p1s1t0",0.2692,0.175,0.578,0.247,0.825,0.422,0.753
"607",41059,"a1i0p1s0t1",0.2308,0.175,0.578,0.247,0.825,0.422,0.753
"608",41059,"a1i0p0s2t0",0.2899,0.175,0.578,0.247,0.825,0.422,0.753
"609",41059,"a1i0p0s1t1",0.497,0.175,0.578,0.247,0.825,0.422,0.753
"610",41059,"a1i0p0s0t2",0.213,0.175,0.578,0.247,0.825,0.422,0.753
"611",41059,"a2i2p0s0t0",0.25,0.175,0.578,0.247,0.825,0.422,0.753
"612",41059,"a2i1p1s0t0",0.5,0.175,0.578,0.247,0.825,0.422,0.753
"613",41059,"a2i1p0s1t0",0.2692,0.175,0.578,0.247,0.825,0.422,0.753
"614",41059,"a2i1p0s0t1",0.2308,0.175,0.578,0.247,0.825,0.422,0.753
"615",41059,"a2i0p2s0t0",0.25,0.175,0.578,0.247,0.825,0.422,0.753
"616",41059,"a2i0p1s1t0",0.2692,0.175,0.578,0.247,0.825,0.422,0.753
"617",41059,"a2i0p1s0t1",0.2308,0.175,0.578,0.247,0.825,0.422,0.753
"618",41059,"a2i0p0s2t0",0.2899,0.175,0.578,0.247,0.825,0.422,0.753
"619",41059,"a2i0p0s1t1",0.497,0.175,0.578,0.247,0.825,0.422,0.753
"620",41059,"a2i0p0s0t2",0.213,0.175,0.578,0.247,0.825,0.422,0.753
"621",41061,"a1i2p0s0t0",0.25,0.192,0.586,0.222,0.808,0.414,0.778
"622",41061,"a1i1p1s0t0",0.5,0.192,0.586,0.222,0.808,0.414,0.778
"623",41061,"a1i1p0s1t0",0.2692,0.192,0.586,0.222,0.808,0.414,0.778
"624",41061,"a1i1p0s0t1",0.2308,0.192,0.586,0.222,0.808,0.414,0.778
"625",41061,"a1i0p2s0t0",0.25,0.192,0.586,0.222,0.808,0.414,0.778
"626",41061,"a1i0p1s1t0",0.2692,0.192,0.586,0.222,0.808,0.414,0.778
"627",41061,"a1i0p1s0t1",0.2308,0.192,0.586,0.222,0.808,0.414,0.778
"628",41061,"a1i0p0s2t0",0.2899,0.192,0.586,0.222,0.808,0.414,0.778
"629",41061,"a1i0p0s1t1",0.497,0.192,0.586,0.222,0.808,0.414,0.778
"630",41061,"a1i0p0s0t2",0.213,0.192,0.586,0.222,0.808,0.414,0.778
"631",41061,"a2i2p0s0t0",0.25,0.192,0.586,0.222,0.808,0.414,0.778
"632",41061,"a2i1p1s0t0",0.5,0.192,0.586,0.222,0.808,0.414,0.778
"633",41061,"a2i1p0s1t0",0.2692,0.192,0.586,0.222,0.808,0.414,0.778
"634",41061,"a2i1p0s0t1",0.2308,0.192,0.586,0.222,0.808,0.414,0.778
"635",41061,"a2i0p2s0t0",0.25,0.192,0.586,0.222,0.808,0.414,0.778
"636",41061,"a2i0p1s1t0",0.2692,0.192,0.586,0.222,0.808,0.414,0.778
"637",41061,"a2i0p1s0t1",0.2308,0.192,0.586,0.222,0.808,0.414,0.778
"638",41061,"a2i0p0s2t0",0.2899,0.192,0.586,0.222,0.808,0.414,0.778
"639",41061,"a2i0p0s1t1",0.497,0.192,0.586,0.222,0.808,0.414,0.778
"640",41061,"a2i0p0s0t2",0.213,0.192,0.586,0.222,0.808,0.414,0.778
"641",41063,"a1i2p0s0t0",0.25,0.187,0.552,0.261,0.813,0.448,0.739
"642",41063,"a1i1p1s0t0",0.5,0.187,0.552,0.261,0.813,0.448,0.739
"643",41063,"a1i1p0s1t0",0.2692,0.187,0.552,0.261,0.813,0.448,0.739
"644",41063,"a1i1p0s0t1",0.2308,0.187,0.552,0.261,0.813,0.448,0.739
"645",41063,"a1i0p2s0t0",0.25,0.187,0.552,0.261,0.813,0.448,0.739
"646",41063,"a1i0p1s1t0",0.2692,0.187,0.552,0.261,0.813,0.448,0.739
"647",41063,"a1i0p1s0t1",0.2308,0.187,0.552,0.261,0.813,0.448,0.739
"648",41063,"a1i0p0s2t0",0.2899,0.187,0.552,0.261,0.813,0.448,0.739
"649",41063,"a1i0p0s1t1",0.497,0.187,0.552,0.261,0.813,0.448,0.739
"650",41063,"a1i0p0s0t2",0.213,0.187,0.552,0.261,0.813,0.448,0.739
"651",41063,"a2i2p0s0t0",0.25,0.187,0.552,0.261,0.813,0.448,0.739
"652",41063,"a2i1p1s0t0",0.5,0.187,0.552,0.261,0.813,0.448,0.739
"653",41063,"a2i1p0s1t0",0.2692,0.187,0.552,0.261,0.813,0.448,0.739
"654",41063,"a2i1p0s0t1",0.2308,0.187,0.552,0.261,0.813,0.448,0.739
"655",41063,"a2i0p2s0t0",0.25,0.187,0.552,0.261,0.813,0.448,0.739
"656",41063,"a2i0p1s1t0",0.2692,0.187,0.552,0.261,0.813,0.448,0.739
"657",41063,"a2i0p1s0t1",0.2308,0.187,0.552,0.261,0.813,0.448,0.739
"658",41063,"a2i0p0s2t0",0.2899,0.187,0.552,0.261,0.813,0.448,0.739
"659",41063,"a2i0p0s1t1",0.497,0.187,0.552,0.261,0.813,0.448,0.739
"660",41063,"a2i0p0s0t2",0.213,0.187,0.552,0.261,0.813,0.448,0.739
"661",41065,"a1i2p0s0t0",0.25,0.236,0.548,0.216,0.764,0.452,0.784
"662",41065,"a1i1p1s0t0",0.5,0.236,0.548,0.216,0.764,0.452,0.784
"663",41065,"a1i1p0s1t0",0.2692,0.236,0.548,0.216,0.764,0.452,0.784
"664",41065,"a1i1p0s0t1",0.2308,0.236,0.548,0.216,0.764,0.452,0.784
"665",41065,"a1i0p2s0t0",0.25,0.236,0.548,0.216,0.764,0.452,0.784
"666",41065,"a1i0p1s1t0",0.2692,0.236,0.548,0.216,0.764,0.452,0.784
"667",41065,"a1i0p1s0t1",0.2308,0.236,0.548,0.216,0.764,0.452,0.784
"668",41065,"a1i0p0s2t0",0.2899,0.236,0.548,0.216,0.764,0.452,0.784
"669",41065,"a1i0p0s1t1",0.497,0.236,0.548,0.216,0.764,0.452,0.784
"670",41065,"a1i0p0s0t2",0.213,0.236,0.548,0.216,0.764,0.452,0.784
"671",41065,"a2i2p0s0t0",0.25,0.236,0.548,0.216,0.764,0.452,0.784
"672",41065,"a2i1p1s0t0",0.5,0.236,0.548,0.216,0.764,0.452,0.784
"673",41065,"a2i1p0s1t0",0.2692,0.236,0.548,0.216,0.764,0.452,0.784
"674",41065,"a2i1p0s0t1",0.2308,0.236,0.548,0.216,0.764,0.452,0.784
"675",41065,"a2i0p2s0t0",0.25,0.236,0.548,0.216,0.764,0.452,0.784
"676",41065,"a2i0p1s1t0",0.2692,0.236,0.548,0.216,0.764,0.452,0.784
"677",41065,"a2i0p1s0t1",0.2308,0.236,0.548,0.216,0.764,0.452,0.784
"678",41065,"a2i0p0s2t0",0.2899,0.236,0.548,0.216,0.764,0.452,0.784
"679",41065,"a2i0p0s1t1",0.497,0.236,0.548,0.216,0.764,0.452,0.784
"680",41065,"a2i0p0s0t2",0.213,0.236,0.548,0.216,0.764,0.452,0.784
"681",41067,"a1i2p0s0t0",0.25,0.255,0.527,0.218,0.745,0.473,0.782
"682",41067,"a1i1p1s0t0",0.5,0.255,0.527,0.218,0.745,0.473,0.782
"683",41067,"a1i1p0s1t0",0.2692,0.255,0.527,0.218,0.745,0.473,0.782
"684",41067,"a1i1p0s0t1",0.2308,0.255,0.527,0.218,0.745,0.473,0.782
"685",41067,"a1i0p2s0t0",0.25,0.255,0.527,0.218,0.745,0.473,0.782
"686",41067,"a1i0p1s1t0",0.2692,0.255,0.527,0.218,0.745,0.473,0.782
"687",41067,"a1i0p1s0t1",0.2308,0.255,0.527,0.218,0.745,0.473,0.782
"688",41067,"a1i0p0s2t0",0.2899,0.255,0.527,0.218,0.745,0.473,0.782
"689",41067,"a1i0p0s1t1",0.497,0.255,0.527,0.218,0.745,0.473,0.782
"690",41067,"a1i0p0s0t2",0.213,0.255,0.527,0.218,0.745,0.473,0.782
"691",41067,"a2i2p0s0t0",0.25,0.255,0.527,0.218,0.745,0.473,0.782
"692",41067,"a2i1p1s0t0",0.5,0.255,0.527,0.218,0.745,0.473,0.782
"693",41067,"a2i1p0s1t0",0.2692,0.255,0.527,0.218,0.745,0.473,0.782
"694",41067,"a2i1p0s0t1",0.2308,0.255,0.527,0.218,0.745,0.473,0.782
"695",41067,"a2i0p2s0t0",0.25,0.255,0.527,0.218,0.745,0.473,0.782
"696",41067,"a2i0p1s1t0",0.2692,0.255,0.527,0.218,0.745,0.473,0.782
"697",41067,"a2i0p1s0t1",0.2308,0.255,0.527,0.218,0.745,0.473,0.782
"698",41067,"a2i0p0s2t0",0.2899,0.255,0.527,0.218,0.745,0.473,0.782
"699",41067,"a2i0p0s1t1",0.497,0.255,0.527,0.218,0.745,0.473,0.782
"700",41067,"a2i0p0s0t2",0.213,0.255,0.527,0.218,0.745,0.473,0.782
"701",41069,"a1i2p0s0t0",0.25,0.107,0.821,0.071,0.893,0.179,0.929
"702",41069,"a1i1p1s0t0",0.5,0.107,0.821,0.071,0.893,0.179,0.929
"703",41069,"a1i1p0s1t0",0.2692,0.107,0.821,0.071,0.893,0.179,0.929
"704",41069,"a1i1p0s0t1",0.2308,0.107,0.821,0.071,0.893,0.179,0.929
"705",41069,"a1i0p2s0t0",0.25,0.107,0.821,0.071,0.893,0.179,0.929
"706",41069,"a1i0p1s1t0",0.2692,0.107,0.821,0.071,0.893,0.179,0.929
"707",41069,"a1i0p1s0t1",0.2308,0.107,0.821,0.071,0.893,0.179,0.929
"708",41069,"a1i0p0s2t0",0.2899,0.107,0.821,0.071,0.893,0.179,0.929
"709",41069,"a1i0p0s1t1",0.497,0.107,0.821,0.071,0.893,0.179,0.929
"710",41069,"a1i0p0s0t2",0.213,0.107,0.821,0.071,0.893,0.179,0.929
"711",41069,"a2i2p0s0t0",0.25,0.107,0.821,0.071,0.893,0.179,0.929
"712",41069,"a2i1p1s0t0",0.5,0.107,0.821,0.071,0.893,0.179,0.929
"713",41069,"a2i1p0s1t0",0.2692,0.107,0.821,0.071,0.893,0.179,0.929
"714",41069,"a2i1p0s0t1",0.2308,0.107,0.821,0.071,0.893,0.179,0.929
"715",41069,"a2i0p2s0t0",0.25,0.107,0.821,0.071,0.893,0.179,0.929
"716",41069,"a2i0p1s1t0",0.2692,0.107,0.821,0.071,0.893,0.179,0.929
"717",41069,"a2i0p1s0t1",0.2308,0.107,0.821,0.071,0.893,0.179,0.929
"718",41069,"a2i0p0s2t0",0.2899,0.107,0.821,0.071,0.893,0.179,0.929
"719",41069,"a2i0p0s1t1",0.497,0.107,0.821,0.071,0.893,0.179,0.929
"720",41069,"a2i0p0s0t2",0.213,0.107,0.821,0.071,0.893,0.179,0.929
"721",41071,"a1i2p0s0t0",0.25,0.205,0.585,0.211,0.795,0.415,0.789
"722",41071,"a1i1p1s0t0",0.5,0.205,0.585,0.211,0.795,0.415,0.789
"723",41071,"a1i1p0s1t0",0.2692,0.205,0.585,0.211,0.795,0.415,0.789
"724",41071,"a1i1p0s0t1",0.2308,0.205,0.585,0.211,0.795,0.415,0.789
"725",41071,"a1i0p2s0t0",0.25,0.205,0.585,0.211,0.795,0.415,0.789
"726",41071,"a1i0p1s1t0",0.2692,0.205,0.585,0.211,0.795,0.415,0.789
"727",41071,"a1i0p1s0t1",0.2308,0.205,0.585,0.211,0.795,0.415,0.789
"728",41071,"a1i0p0s2t0",0.2899,0.205,0.585,0.211,0.795,0.415,0.789
"729",41071,"a1i0p0s1t1",0.497,0.205,0.585,0.211,0.795,0.415,0.789
"730",41071,"a1i0p0s0t2",0.213,0.205,0.585,0.211,0.795,0.415,0.789
"731",41071,"a2i2p0s0t0",0.25,0.205,0.585,0.211,0.795,0.415,0.789
"732",41071,"a2i1p1s0t0",0.5,0.205,0.585,0.211,0.795,0.415,0.789
"733",41071,"a2i1p0s1t0",0.2692,0.205,0.585,0.211,0.795,0.415,0.789
"734",41071,"a2i1p0s0t1",0.2308,0.205,0.585,0.211,0.795,0.415,0.789
"735",41071,"a2i0p2s0t0",0.25,0.205,0.585,0.211,0.795,0.415,0.789
"736",41071,"a2i0p1s1t0",0.2692,0.205,0.585,0.211,0.795,0.415,0.789
"737",41071,"a2i0p1s0t1",0.2308,0.205,0.585,0.211,0.795,0.415,0.789
"738",41071,"a2i0p0s2t0",0.2899,0.205,0.585,0.211,0.795,0.415,0.789
"739",41071,"a2i0p0s1t1",0.497,0.205,0.585,0.211,0.795,0.415,0.789
"740",41071,"a2i0p0s0t2",0.213,0.205,0.585,0.211,0.795,0.415,0.789
